﻿<?xml version="1.0" encoding="UTF-8" standalone="yes"?>
<addon id="repository.keysey" name="[COLOR white][B]KEYSEY[/COLOR][/B] [COLOR white][B]REPO[/COLOR][/B]" version="1.0" provider-name="Bruno Santos">
	<extension point="xbmc.addon.repository" name="Repositorio KeySey">
		<info compressed="false">https://raw.githubusercontent.com/Norstestudios/repository.keysey/master/addons.xml</info>
		<checksum>https://raw.githubusercontent.com/Norstestudios/repository.keysey/master/addons.xml.md5</checksum>
		<datadir zip="true">https://raw.githubusercontent.com/Norstestudios/repository.keysey/master/ZipFiles</datadir>
	</extension>
	<extension point="xbmc.addon.metadata">
	    <summary>Repositorio Oficial keysey</summary>
        <description>Repositorio oficial de instalacao de plugins e do addon [COLOR white][B]KEYSEY[/COLOR][/B]</description>
		<news>Conteudo Premium de Graca Agora sao mais de 1.000 Canais SD | HD | FULL HD Alem Dos 24 Horas, Radio Filmes e Series e o melhor conteudo pra voce! So a KEYSEY Faz!</news>
		<disclaimer lang="en">O addon que sera instalado nao hospeda nem possui nenhum conteudo. O autor nao e responsavel pelo uso e pelo conteudo encontrado usando este addon.</disclaimer>
		<platform>all</platform>
		<website></website>
        <email></email>
        <video_guide></video_guide>
        <reuselanguageinvoker>false</reuselanguageinvoker>
      <assets>
      	<icon>icon.png</icon>
    	<fanart>fanart.jpg</fanart>
        <screenshot>resources/screenshots/01.jpg</screenshot>
        <screenshot>resources/screenshots/02.jpg</screenshot>
        <screenshot>resources/screenshots/03.jpg</screenshot>
      </assets>
	</extension>
</addon>