<?xml version="1.0" encoding="UTF-8" standalone="yes"?>
<addon id="plugin.video.keysey"
       name="[COLOR white][B]KEYSEY[/COLOR][/B]"
       version="0.4.1"
       provider-name="Bruno Santos">
  <requires>
    <import addon="plugin.video.f4mTester" version="2.7.9"/>
    <import addon="script.video.F4mProxy" version="2.8.7"/>
     <import addon="xbmc.python" version="2.1.0"/>
    <import addon="script.module.t0mm0.common" version="2.0.0"/>
    <import addon="script.module.beautifulsoup" version="3.2.1"/>
    <import addon="script.module.simple.downloader" version="0.9.4"/>
    <import addon="script.module.beautifulsoup4" />
    <import addon="script.module.simple.downloader" version="0.9.4"/>
    <import addon="script.module.requests" />
    <import addon="script.module.httplib2" />
    <import addon="script.module.youtube.dl" optional="true"/>
    <import addon="plugin.video.youtube" version="3.0.0"/>
    <import addon="script.module.urlresolver" optional="true"/>
    <import addon="script.module.simplejson" /> 
    <import addon="script.common.plugin.cache" version="2.5.2"/>
    <import addon="script.module.metahandler" version="2.5.1"/>

  </requires>
  <extension point="xbmc.python.pluginsource" library="default.py">
    <provides>video</provides>
  </extension>
  <extension point="xbmc.addon.metadata">
    <summary lang="en">[COLOR white] KEYSEY[/COLOR]</summary>
    <description lang="en">
            [COLOR red][B]• PROIBIDO A VENDA DESTE ADDON • [/B][/COLOR]
        
TEMOS O OBJETIVO DE LEVAR O MELHOR CONTEUDO TOTALMENTE GRATIS PARA VOCE E PARA TODOS!

Buscamos levar o melhor tipo de conteudo gratuitamente ate sua casa gratuitamente, rapidamete e com qualidade!

Utilizando-se de servidores velozes, da plataforma open-source KodiXBMC e juntando a maior parte do conteudo e fornecido por min, consegui tornar isso possivel!

Esse Addon t um Addon Premium Gratuitamente! Ajude a Manter Esse Addon Funcionando Faca Uma Doacao!

Contas Para Doacoes

banco: 290 - PagSeguro Internet S.A.
agência: 0001
conta: 06266277-0
tipo: Conta de pagamento
Nome: Joelma da Conceicao Santos

Caixa economica
federal: Poupança

Agência: 0161
Conta: 01300097123-3
Nome: Bruno Da Silva Santos

WhatsApp:34 99335-2491

Requer o addon [COLOR yellow] f4mTester[/COLOR] para funcionar Os Canais.</description>
     <news>Conteudo Premium de Graca Agora sao mais de +1.000 Canais SD | HD | FULL HD Alem Dos 24 Horas, Radio Filmes e Series e o melhor conteudo pra voce! So a KEYSEY Faz!</news>
     <platform>all</platform>
	   <assets>
         <icon>icon.png</icon>
         <fanart>fanart.jpg</fanart>
         <screenshot>resources/screenshots/1.png</screenshot>
         <screenshot>resources/screenshots/2.png</screenshot>
         <screenshot>resources/screenshots/3.png</screenshot>
       </assets>
  </extension>
  </addon>
